{"cameraMode":{"drawMode":0,"name":"Shaded","section":"Shading Mode"},"sceneLighting":false,"audioPlay":false,"sceneViewState":{"showFog":true,"showMaterialUpdate":false,"showSkybox":true,"showFlares":true,"showImageEffects":true,"showParticleSystems":true},"in2DMode":false,"pivot":{"x":-106.56756591796875,"y":192.9059295654297,"z":-194.32839965820313},"rotation":{"x":-0.11222315579652786,"y":0.4506901204586029,"z":-0.05723130330443382,"w":-0.8837471604347229},"size":15.536794662475586,"orthographic":false}